[{"id":"loc_84bc864b60abf940","name":"FV-34","categories":[],"social":[],"pictures":[],"links":[],"spaces":[{"id":"s_66f3b0b0772f164d"}],"obstructions":[],"entrances":[],"connections":[],"annotations":[],"areas":[],"openingHoursSpecification":[],"externalId":"07578e65-3fb3-4531-a099-6e7412527c66"},{"id":"loc_6c6e0f1eb96dbd6d","name":"V-3","categories":[],"social":[],"pictures":[],"links":[],"spaces":[{"id":"s_4262f71a264cd3ed"}],"obstructions":[],"entrances":[],"connections":[],"annotations":[],"areas":[],"openingHoursSpecification":[],"externalId":"b7daac9b-6f64-4e9f-b6c1-4189d2b12af2"},{"id":"loc_c34425a864bc1fb0","name":"M-43","categories":[],"social":[],"pictures":[],"links":[],"spaces":[{"id":"s_c9749a26a6cfb826"}],"obstructions":[],"entrances":[],"connections":[],"annotations":[],"areas":[],"openingHoursSpecification":[],"externalId":"82545aab-ffe9-40f1-afdf-a4049aeb3929"},{"id":"loc_c52b46206c2fa7ad","name":"City Economic Enterprise Office","categories":[],"social":[],"pictures":[],"links":[],"spaces":[{"id":"s_e5c7031865c51cdd"}],"obstructions":[],"entrances":[],"connections":[],"annotations":[],"areas":[],"openingHoursSpecification":[]},{"id":"loc_337fe20564a1e047","name":"M-66","categories":[],"social":[],"pictures":[],"links":[],"spaces":[{"id":"s_8ba1d01b8d3f7112"}],"obstructions":[],"entrances":[],"connections":[],"annotations":[],"areas":[],"openingHoursSpecification":[],"externalId":"05489c8c-f8fe-4bb1-a7dc-61469e4ee947"},{"id":"loc_5a1d62036597eaf6","name":"F-57","categories":[],"social":[],"pictures":[],"links":[],"spaces":[{"id":"s_bea90cf101c4c4e2"}],"obstructions":[],"entrances":[],"connections":[],"annotations":[],"areas":[],"openingHoursSpecification":[],"externalId":"95564958-ed0b-4d21-b8b6-5e175b18136f"},{"id":"loc_adb38fd2ee51a907","name":"F-37","categories":[],"social":[],"pictures":[],"links":[],"spaces":[{"id":"s_dece068d284901d3"}],"obstructions":[],"entrances":[],"connections":[],"annotations":[],"areas":[],"openingHoursSpecification":[],"externalId":"0b2eb109-3971-4ed6-80f6-580ad1b787af"},{"id":"loc_797a2fa082abc577","name":"M-59","categories":[],"social":[],"pictures":[],"links":[],"spaces":[{"id":"s_afb47505bcbc5434"}],"obstructions":[],"entrances":[],"connections":[],"annotations":[],"areas":[],"openingHoursSpecification":[],"externalId":"a57e166f-2e3b-489f-ab9a-ba91fcf97a61"},{"id":"loc_4bcf2577e76f82c4","name":"FV-2","categories":[],"social":[],"pictures":[],"links":[],"spaces":[{"id":"s_e0af21f790dadbcc"}],"obstructions":[],"entrances":[],"connections":[],"annotations":[],"areas":[],"openingHoursSpecification":[],"externalId":"6e524075-6c4e-4f2c-bd96-4372c9d97f39"},{"id":"loc_98c506a4a8ba1140","name":"M-39","categories":[],"social":[],"pictures":[],"links":[],"spaces":[{"id":"s_7e60463c4b200924"}],"obstructions":[],"entrances":[],"connections":[],"annotations":[],"areas":[],"openingHoursSpecification":[],"externalId":"bf5752e4-0385-44ec-80e1-93743b58759b"},{"id":"loc_6c409cd984f16020","name":"F-66","categories":[],"social":[],"pictures":[],"links":[],"spaces":[{"id":"s_7857895a13862bab"}],"obstructions":[],"entrances":[],"connections":[],"annotations":[],"areas":[],"openingHoursSpecification":[],"externalId":"2c4df36c-0b67-494e-a6a9-7b9689290049"},{"id":"loc_ac310aa453f98b0f","name":"M-19","categories":[],"social":[],"pictures":[],"links":[],"spaces":[{"id":"s_b828943e197cdc2b"}],"obstructions":[],"entrances":[],"connections":[],"annotations":[],"areas":[],"openingHoursSpecification":[],"externalId":"139720a2-e4cb-47e8-ad3e-b479190344ab"},{"id":"loc_34df9fb7b9337568","name":"F-54","categories":[],"social":[],"pictures":[],"links":[],"spaces":[{"id":"s_549cdb6846944f60"}],"obstructions":[],"entrances":[],"connections":[],"annotations":[],"areas":[],"openingHoursSpecification":[],"externalId":"d2fd15ee-f0f5-40f6-9061-860d17eb08ae"},{"id":"loc_70de311a203892a6","name":"M-25","categories":[],"social":[],"pictures":[],"links":[],"spaces":[{"id":"s_ea55630ee88d45e9"}],"obstructions":[],"entrances":[],"connections":[],"annotations":[],"areas":[],"openingHoursSpecification":[],"externalId":"4e5f5ecc-1707-4c64-9590-49a2f100b5d3"},{"id":"loc_1958fdf0ab06ea5d","name":"FV-13","categories":[],"social":[],"pictures":[],"links":[],"spaces":[{"id":"s_65258c564e180879"}],"obstructions":[],"entrances":[],"connections":[],"annotations":[],"areas":[],"openingHoursSpecification":[],"externalId":"ba09148f-0bc5-41ae-bc06-66b4864830cd"},{"id":"loc_617fa59c42a41073","name":"Comfort Room ","categories":[],"social":[],"pictures":[],"links":[],"spaces":[{"id":"s_d74d659a227720cf"}],"obstructions":[],"entrances":[],"connections":[],"annotations":[],"areas":[],"openingHoursSpecification":[]},{"id":"loc_ed8354803258fc3f","name":"M-50","categories":[],"social":[],"pictures":[],"links":[],"spaces":[{"id":"s_a1a479d2a25f198e"}],"obstructions":[],"entrances":[],"connections":[],"annotations":[],"areas":[],"openingHoursSpecification":[],"externalId":"676ec187-c0b7-4171-887b-6cd19d1252ea"},{"id":"loc_0e4edfc85ecd4616","name":"M-17","categories":[],"social":[],"pictures":[],"links":[],"spaces":[{"id":"s_4328fa1d79e6f18d"}],"obstructions":[],"entrances":[],"connections":[],"annotations":[],"areas":[],"openingHoursSpecification":[],"externalId":"17b3dd56-947c-40e2-a4e7-cc2e07479b1f"},{"id":"loc_4632312df810bf25","name":"RG-17","categories":[],"social":[],"pictures":[],"links":[],"spaces":[{"id":"s_4bf65923c3708377"}],"obstructions":[],"entrances":[],"connections":[],"annotations":[],"areas":[],"openingHoursSpecification":[],"externalId":"6a70fcac-319f-499b-8f23-309b4b3aacfb"},{"id":"loc_00a41355fe30961f","name":"F-10","categories":[],"social":[],"pictures":[],"links":[],"spaces":[{"id":"s_a1962b8a68b953e9"}],"obstructions":[],"entrances":[],"connections":[],"annotations":[],"areas":[],"openingHoursSpecification":[],"externalId":"41c15f8a-8ebf-48b4-8b51-1372872d8ff9"},{"id":"loc_7082c23e482d44aa","name":"F-14","categories":[],"social":[],"pictures":[],"links":[],"spaces":[{"id":"s_21035292acc60d77"}],"obstructions":[],"entrances":[],"connections":[],"annotations":[],"areas":[],"openingHoursSpecification":[],"externalId":"6420c1cf-5c99-42df-a24a-b93119949ce4"},{"id":"loc_cae2ceb101b3c1c5","name":"M-29","categories":[],"social":[],"pictures":[],"links":[],"spaces":[{"id":"s_9568255df930c72f"}],"obstructions":[],"entrances":[],"connections":[],"annotations":[],"areas":[],"openingHoursSpecification":[],"externalId":"2068c668-8174-4c93-91f2-f4f71d124636"},{"id":"loc_0841d380665519c8","name":"RG-11","categories":[],"social":[],"pictures":[],"links":[],"spaces":[{"id":"s_2874396e01a072c6"}],"obstructions":[],"entrances":[],"connections":[],"annotations":[],"areas":[],"openingHoursSpecification":[],"externalId":"e806f4f6-2f4f-4488-8248-5f62509d2950"},{"id":"loc_06ba131271d39c9d","name":"V-7","categories":[],"social":[],"pictures":[],"links":[],"spaces":[{"id":"s_d46b258633809fa9"}],"obstructions":[],"entrances":[],"connections":[],"annotations":[],"areas":[],"openingHoursSpecification":[],"externalId":"4e8086e1-af74-48c0-a421-88f43e85406e"},{"id":"loc_2a0156ae48ffadc1","name":"M-16","categories":[],"social":[],"pictures":[],"links":[],"spaces":[{"id":"s_165e4d1ddda3b91a"}],"obstructions":[],"entrances":[],"connections":[],"annotations":[],"areas":[],"openingHoursSpecification":[],"externalId":"a84d1d28-b4d2-4ea5-8192-2191173c594b"},{"id":"loc_dee11adfea919f75","name":"F-58","categories":[],"social":[],"pictures":[],"links":[],"spaces":[{"id":"s_cf39ee865dd40729"}],"obstructions":[],"entrances":[],"connections":[],"annotations":[],"areas":[],"openingHoursSpecification":[],"externalId":"aec05649-a41f-4dde-b344-a791971c0480"},{"id":"loc_1557004b9d9bc46e","name":"V-5","categories":[],"social":[],"pictures":[],"links":[],"spaces":[{"id":"s_9b822e601ff268c7"}],"obstructions":[],"entrances":[],"connections":[],"annotations":[],"areas":[],"openingHoursSpecification":[],"externalId":"3d93f411-84d5-4cf2-ae87-86aab510d027"},{"id":"loc_a953d90e6bff4b50","name":"F-71","categories":[],"social":[],"pictures":[],"links":[],"spaces":[{"id":"s_ff335ee18d839ccc"}],"obstructions":[],"entrances":[],"connections":[],"annotations":[],"areas":[],"openingHoursSpecification":[],"externalId":"1f3c5c69-e09b-48cc-8a59-7393bd40d6db"},{"id":"loc_3ba9a26d1926424a","name":"M-14","categories":[],"social":[],"pictures":[],"links":[],"spaces":[{"id":"s_ce33cee65d7217e3"}],"obstructions":[],"entrances":[],"connections":[],"annotations":[],"areas":[],"openingHoursSpecification":[],"externalId":"49ad459b-a645-44a1-8b37-203f78795d39"},{"id":"loc_b7ed8defcfe757f6","name":"F-1","categories":[],"social":[],"pictures":[],"links":[],"spaces":[{"id":"s_e228d1cf4a2e4247"}],"obstructions":[],"entrances":[],"connections":[],"annotations":[],"areas":[],"openingHoursSpecification":[],"externalId":"e9febfda-7438-4c05-bf3b-b4dac4a90723"},{"id":"loc_fd0d03324b3ac75a","name":"F-7","categories":[],"social":[],"pictures":[],"links":[],"spaces":[{"id":"s_8c72429569b17ba2"}],"obstructions":[],"entrances":[],"connections":[],"annotations":[],"areas":[],"openingHoursSpecification":[],"externalId":"bb74efb7-db5b-4f24-953d-abc8366ab98a"},{"id":"loc_4f058b25f7dee01c","name":"E-11","categories":[],"social":[],"pictures":[],"links":[],"spaces":[{"id":"s_33083e4b6d2a594e"}],"obstructions":[],"entrances":[],"connections":[],"annotations":[],"areas":[],"openingHoursSpecification":[],"externalId":"166568f1-e79b-425e-9ea1-503c98c6410b"},{"id":"loc_95c44642135c6b8b","name":"F-9","categories":[],"social":[],"pictures":[],"links":[],"spaces":[{"id":"s_3f985e6bdb2ecb33"}],"obstructions":[],"entrances":[],"connections":[],"annotations":[],"areas":[],"openingHoursSpecification":[],"externalId":"0a63a7bb-460f-4b13-91b9-f1bb55e01f7d"},{"id":"loc_d21a5d903f4b5ace","name":"E-4","categories":[],"social":[],"pictures":[],"links":[],"spaces":[{"id":"s_83dda8b15b306445"}],"obstructions":[],"entrances":[],"connections":[],"annotations":[],"areas":[],"openingHoursSpecification":[],"externalId":"89ac1036-ddb6-4787-8a41-246e1c46a646"},{"id":"loc_9b230e4879d52a2b","name":"FV-14","categories":[],"social":[],"pictures":[],"links":[],"spaces":[{"id":"s_987550baf25919d6"}],"obstructions":[],"entrances":[],"connections":[],"annotations":[],"areas":[],"openingHoursSpecification":[],"externalId":"f2611db0-89b8-4009-add2-e5ad0487f7e6"},{"id":"loc_120af4fc23a5465a","name":"M-42","categories":[],"social":[],"pictures":[],"links":[],"spaces":[{"id":"s_3c154b849081c8a2"}],"obstructions":[],"entrances":[],"connections":[],"annotations":[],"areas":[],"openingHoursSpecification":[],"externalId":"efff7076-83b4-4a07-93bf-e167fbaf1aa4"},{"id":"loc_bd9377e9f93636e5","name":"F-61","categories":[],"social":[],"pictures":[],"links":[],"spaces":[{"id":"s_d5e63e119a9d2e25"}],"obstructions":[],"entrances":[],"connections":[],"annotations":[],"areas":[],"openingHoursSpecification":[],"externalId":"23c70bf8-5fb3-433e-a866-2d515d09feaf"},{"id":"loc_cb34f012687ea97b","name":"DF-1","categories":[],"social":[],"pictures":[],"links":[],"spaces":[{"id":"s_6606588defec9010"}],"obstructions":[],"entrances":[],"connections":[],"annotations":[],"areas":[],"openingHoursSpecification":[],"externalId":"e647f312-c219-494f-99cc-0c5065d1e9ca"},{"id":"loc_082093537d2f6dc4","name":"M-72","categories":[],"social":[],"pictures":[],"links":[],"spaces":[{"id":"s_bd6436a23724762c"}],"obstructions":[],"entrances":[],"connections":[],"annotations":[],"areas":[],"openingHoursSpecification":[],"externalId":"95555098-b1b6-441d-9578-f561046e63f0"},{"id":"loc_a0a21b170a84811e","name":"E-1","categories":[],"social":[],"pictures":[],"links":[],"spaces":[{"id":"s_e602b38cf8df973d"}],"obstructions":[],"entrances":[],"connections":[],"annotations":[],"areas":[],"openingHoursSpecification":[],"externalId":"389cb988-b216-46c6-a95b-9c819b9f2330"},{"id":"loc_9afb1892f0bd6e48","name":"G-6","categories":[],"social":[],"pictures":[],"links":[],"spaces":[{"id":"s_28bb83f93a56f6a4"}],"obstructions":[],"entrances":[],"connections":[],"annotations":[],"areas":[],"openingHoursSpecification":[],"externalId":"dd535761-3f56-4e10-9520-5269cc5db1e9"},{"id":"loc_7ab5eea069f33467","name":"M-11","categories":[],"social":[],"pictures":[],"links":[],"spaces":[{"id":"s_30442b3da0ae292a"}],"obstructions":[],"entrances":[],"connections":[],"annotations":[],"areas":[],"openingHoursSpecification":[],"externalId":"68124a8a-4dd6-4baa-830f-d624acb74311"},{"id":"loc_ecc3ce184fd7b831","name":"RG-1","categories":[],"social":[],"pictures":[],"links":[],"spaces":[{"id":"s_a91aece086c23155"}],"obstructions":[],"entrances":[],"connections":[],"annotations":[],"areas":[],"openingHoursSpecification":[],"externalId":"19474dbf-7dbd-43a3-8aa9-befd3732930c"},{"id":"loc_8890144ce0dc189e","name":"RG-7","categories":[],"social":[],"pictures":[],"links":[],"spaces":[{"id":"s_1920dffe2d1a0511"}],"obstructions":[],"entrances":[],"connections":[],"annotations":[],"areas":[],"openingHoursSpecification":[],"externalId":"f57c2de6-730a-4f14-86f1-fdd0d98846c0"},{"id":"loc_4e63f2cfce8c87fd","name":"F-39","categories":[],"social":[],"pictures":[],"links":[],"spaces":[{"id":"s_ddf75dd2bb77d5a2"}],"obstructions":[],"entrances":[],"connections":[],"annotations":[],"areas":[],"openingHoursSpecification":[],"externalId":"818e081d-5cc9-4bf8-af70-5647435a244e"},{"id":"loc_63ac746411fac945","name":"M-9","categories":[],"social":[],"pictures":[],"links":[],"spaces":[{"id":"s_bcfe8549f5a0dc82"}],"obstructions":[],"entrances":[],"connections":[],"annotations":[],"areas":[],"openingHoursSpecification":[],"externalId":"a23861f0-19d7-4ddf-93a5-2f99095895ae"},{"id":"loc_09d10e86e8603171","name":"M-30","categories":[],"social":[],"pictures":[],"links":[],"spaces":[{"id":"s_88f83a2e932b9678"}],"obstructions":[],"entrances":[],"connections":[],"annotations":[],"areas":[],"openingHoursSpecification":[],"externalId":"a2897a62-2cd5-4bde-9a8b-7b04b6c9a45c"},{"id":"loc_0fa77a8459a4433c","name":"F-51","categories":[],"social":[],"pictures":[],"links":[],"spaces":[{"id":"s_038c9086bdc47c64"}],"obstructions":[],"entrances":[],"connections":[],"annotations":[],"areas":[],"openingHoursSpecification":[],"externalId":"d8c81d00-4112-4bd5-9f78-565e4fd5a13f"},{"id":"loc_31d85b1f60cdbe2e","name":"M-60","categories":[],"social":[],"pictures":[],"links":[],"spaces":[{"id":"s_b63ed7f2e8f418ad"}],"obstructions":[],"entrances":[],"connections":[],"annotations":[],"areas":[],"openingHoursSpecification":[],"externalId":"d95207be-682a-4878-8412-f9ad53965c4e"},{"id":"loc_9951ba284490b7eb","name":"FV-29","categories":[],"social":[],"pictures":[],"links":[],"spaces":[{"id":"s_e1832dd1a17fb3b3"}],"obstructions":[],"entrances":[],"connections":[],"annotations":[],"areas":[],"openingHoursSpecification":[],"externalId":"ca0a2619-50d4-47d4-81de-b3e4c1452db8"},{"id":"loc_2ec461736450b622","name":"F-23","categories":[],"social":[],"pictures":[],"links":[],"spaces":[{"id":"s_3726f1025a23aa27"}],"obstructions":[],"entrances":[],"connections":[],"annotations":[],"areas":[],"openingHoursSpecification":[],"externalId":"50641f75-e02c-4ed7-a57f-88874050f2fd"},{"id":"loc_4938f7c07c200d1e","name":"F-47","categories":[],"social":[],"pictures":[],"links":[],"spaces":[{"id":"s_faf98719ebe65304"}],"obstructions":[],"entrances":[],"connections":[],"annotations":[],"areas":[],"openingHoursSpecification":[],"externalId":"4cfe3078-daba-44ae-9a86-432661e799ef"},{"id":"loc_feaeaa4397fb1851","name":"M-15","categories":[],"social":[],"pictures":[],"links":[],"spaces":[{"id":"s_0273d4b786cfcf60"}],"obstructions":[],"entrances":[],"connections":[],"annotations":[],"areas":[],"openingHoursSpecification":[],"externalId":"f083d6cd-c27b-4a70-922f-4f069509f4e5"},{"id":"loc_919a5d98c051077a","name":"M-56","categories":[],"social":[],"pictures":[],"links":[],"spaces":[{"id":"s_6d2f4f0bc3e47a41"}],"obstructions":[],"entrances":[],"connections":[],"annotations":[],"areas":[],"openingHoursSpecification":[],"externalId":"d545d10b-ea54-444b-800c-4dffee6103db"},{"id":"loc_43e1dd5172ed2505","name":"M-64","categories":[],"social":[],"pictures":[],"links":[],"spaces":[{"id":"s_0499a002e2f1dabc"}],"obstructions":[],"entrances":[],"connections":[],"annotations":[],"areas":[],"openingHoursSpecification":[],"externalId":"e46bb288-9057-4a2b-970a-c9afab8b62cd"},{"id":"loc_f63398699e74f218","name":"FV-27","categories":[],"social":[],"pictures":[],"links":[],"spaces":[{"id":"s_312f12ff1aca9ffa"}],"obstructions":[],"entrances":[],"connections":[],"annotations":[],"areas":[],"openingHoursSpecification":[],"externalId":"6e42ade2-3602-4003-83fe-73811796c83c"},{"id":"loc_c37ff69e1460fddc","name":"FV-36","categories":[],"social":[],"pictures":[],"links":[],"spaces":[{"id":"s_0d31d25ca2b9bd43"}],"obstructions":[],"entrances":[],"connections":[],"annotations":[],"areas":[],"openingHoursSpecification":[],"externalId":"c01cb1ca-730d-4327-9e73-3690d6e3fb49"},{"id":"loc_ff1fa3c30d159602","name":"M-45","categories":[],"social":[],"pictures":[],"links":[],"spaces":[{"id":"s_0a5397a8484bb6fc"}],"obstructions":[],"entrances":[],"connections":[],"annotations":[],"areas":[],"openingHoursSpecification":[],"externalId":"123a5a89-19de-469f-9012-ed1f1b11161f"},{"id":"loc_737eccf1d1297af3","name":"M-69","categories":[],"social":[],"pictures":[],"links":[],"spaces":[{"id":"s_1bc357112c84af28"}],"obstructions":[],"entrances":[],"connections":[],"annotations":[],"areas":[],"openingHoursSpecification":[],"externalId":"817c8acc-bc17-4380-95ef-082bfc19895f"},{"id":"loc_5dee2e5a296bf794","name":"M-68","categories":[],"social":[],"pictures":[],"links":[],"spaces":[{"id":"s_e8983875eb298a67"}],"obstructions":[],"entrances":[],"connections":[],"annotations":[],"areas":[],"openingHoursSpecification":[],"externalId":"ba47c994-2c04-457a-be7b-f2731968b400"},{"id":"loc_7e9e64fb5aa9d9fb","name":"V-1","categories":[],"social":[],"pictures":[],"links":[],"spaces":[{"id":"s_bf0d73b928658d55"}],"obstructions":[],"entrances":[],"connections":[],"annotations":[],"areas":[],"openingHoursSpecification":[],"externalId":"1300547a-7aa5-4e60-9fc4-a4fa82cff1b9"},{"id":"loc_3f712b899070b3c9","name":"Fish Storage","categories":[],"social":[],"pictures":[],"links":[],"spaces":[{"id":"s_0b8183dd93beb96b"}],"obstructions":[],"entrances":[],"connections":[],"annotations":[],"areas":[],"openingHoursSpecification":[]},{"id":"loc_213fe888120b59e2","name":"RG-8","categories":[],"social":[],"pictures":[],"links":[],"spaces":[{"id":"s_c8302350469e425a"}],"obstructions":[],"entrances":[],"connections":[],"annotations":[],"areas":[],"openingHoursSpecification":[],"externalId":"1943cef7-9ac0-4f60-a9fe-5ab146088562"},{"id":"loc_ca6d84b1bc1a56ef","name":"G-4","categories":[],"social":[],"pictures":[],"links":[],"spaces":[{"id":"s_cf13e9b485324de8"}],"obstructions":[],"entrances":[],"connections":[],"annotations":[],"areas":[],"openingHoursSpecification":[],"externalId":"2f683a61-919c-4df6-a473-693c1a164267"},{"id":"loc_5ae3495f60e3fbcb","name":"M-38","categories":[],"social":[],"pictures":[],"links":[],"spaces":[{"id":"s_577dc1e187e7c15c"}],"obstructions":[],"entrances":[],"connections":[],"annotations":[],"areas":[],"openingHoursSpecification":[],"externalId":"d709bdc0-333d-45b0-86e2-f491b79c446d"},{"id":"loc_2e2ab3bb566602fa","name":"F-32","categories":[],"social":[],"pictures":[],"links":[],"spaces":[{"id":"s_4aef74f89cc35aa2"}],"obstructions":[],"entrances":[],"connections":[],"annotations":[],"areas":[],"openingHoursSpecification":[],"externalId":"da8dd4eb-b40d-4766-b167-1d0a81153107"},{"id":"loc_8a260cd7d821280a","name":"F-52","categories":[],"social":[],"pictures":[],"links":[],"spaces":[{"id":"s_f7f108b78fba4d91"}],"obstructions":[],"entrances":[],"connections":[],"annotations":[],"areas":[],"openingHoursSpecification":[],"externalId":"fcb9e5c8-f77e-4220-95d3-e2ef96ed40eb"},{"id":"loc_1b31db7b0e228adb","name":"FV-1","categories":[],"social":[],"pictures":[],"links":[],"spaces":[{"id":"s_4658204ba70eee3d"}],"obstructions":[],"entrances":[],"connections":[],"annotations":[],"areas":[],"openingHoursSpecification":[],"externalId":"da3965e6-e767-44b5-a772-71e1f480dd33"},{"id":"loc_ebb74715c80b3dcb","name":"M-21","categories":[],"social":[],"pictures":[],"links":[],"spaces":[{"id":"s_c0ce98618bd42277"}],"obstructions":[],"entrances":[],"connections":[],"annotations":[],"areas":[],"openingHoursSpecification":[],"externalId":"aff4fcee-eabf-4b4d-93ba-e0f3bc80e04d"},{"id":"loc_7d27878f451ad71a","name":"G-12","categories":[],"social":[],"pictures":[],"links":[],"spaces":[{"id":"s_8047898562f63d73"}],"obstructions":[],"entrances":[],"connections":[],"annotations":[],"areas":[],"openingHoursSpecification":[],"externalId":"7c6edad0-e682-494e-bfea-4f3afb08aa6c"},{"id":"loc_da423302b050194c","name":"FV-3","categories":[],"social":[],"pictures":[],"links":[],"spaces":[{"id":"s_45eace5236392eed"}],"obstructions":[],"entrances":[],"connections":[],"annotations":[],"areas":[],"openingHoursSpecification":[],"externalId":"94a7e9c9-d592-44f5-a9d9-0cb27ec6f889"},{"id":"loc_3d6217556bd65cbd","name":"E-2","categories":[],"social":[],"pictures":[],"links":[],"spaces":[{"id":"s_cf7bd438beac9ca2"}],"obstructions":[],"entrances":[],"connections":[],"annotations":[],"areas":[],"openingHoursSpecification":[],"externalId":"93ea69ef-43b9-4b35-a8bb-1038acfdac09"},{"id":"loc_67b07accd2213c03","name":"M-2","categories":[],"social":[],"pictures":[],"links":[],"spaces":[{"id":"s_71f0fc38a3e0c6cd"}],"obstructions":[],"entrances":[],"connections":[],"annotations":[],"areas":[],"openingHoursSpecification":[],"externalId":"dd19b80a-a5ac-4f5f-9896-1ea73c5f5819"},{"id":"loc_a04d2651ba052a7b","name":"F-44","categories":[],"social":[],"pictures":[],"links":[],"spaces":[{"id":"s_40a96283a9960f01"}],"obstructions":[],"entrances":[],"connections":[],"annotations":[],"areas":[],"openingHoursSpecification":[],"externalId":"443b05cf-a066-4d1c-a8d4-a049aaf2f60d"},{"id":"loc_cdbca72d66a4618f","name":"F-29","categories":[],"social":[],"pictures":[],"links":[],"spaces":[{"id":"s_4b77f943f4d209a1"}],"obstructions":[],"entrances":[],"connections":[],"annotations":[],"areas":[],"openingHoursSpecification":[],"externalId":"64613a31-c2fc-4653-a660-0bbee843e468"},{"id":"loc_d4468007b84408d5","name":"M-54","categories":[],"social":[],"pictures":[],"links":[],"spaces":[{"id":"s_f272fbc31352bb3e"}],"obstructions":[],"entrances":[],"connections":[],"annotations":[],"areas":[],"openingHoursSpecification":[],"externalId":"faf81005-6ab5-4987-8ce4-928424bb806a"},{"id":"loc_da2dd7ad47fe3a62","name":"M-6","categories":[],"social":[],"pictures":[],"links":[],"spaces":[{"id":"s_9f7bd3eb9f0d369a"}],"obstructions":[],"entrances":[],"connections":[],"annotations":[],"areas":[],"openingHoursSpecification":[],"externalId":"dc6d1af3-1d51-44d3-8edb-f7d56944e17f"},{"id":"loc_7d6a779cb0fa1917","name":"F-59","categories":[],"social":[],"pictures":[],"links":[],"spaces":[{"id":"s_8c98da44b5553512"}],"obstructions":[],"entrances":[],"connections":[],"annotations":[],"areas":[],"openingHoursSpecification":[],"externalId":"528924bd-1903-4598-91b9-ad0b7c14f01a"},{"id":"loc_5bdec5d7bab27a46","name":"V-13","categories":[],"social":[],"pictures":[],"links":[],"spaces":[{"id":"s_6c0547535c071474"}],"obstructions":[],"entrances":[],"connections":[],"annotations":[],"areas":[],"openingHoursSpecification":[],"externalId":"4e2b1029-e42f-40de-ac54-47dd8947fa6e"},{"id":"loc_afbd2814eb3223c2","name":"G-2","categories":[],"social":[],"pictures":[],"links":[],"spaces":[{"id":"s_5bf27db277cd8254"}],"obstructions":[],"entrances":[],"connections":[],"annotations":[],"areas":[],"openingHoursSpecification":[],"externalId":"7f497efa-955b-4ed1-b3a5-e0f29973f0eb"},{"id":"loc_e3bb8b23eda65064","name":"F-16","categories":[],"social":[],"pictures":[],"links":[],"spaces":[{"id":"s_fc3e84365e0f25b5"}],"obstructions":[],"entrances":[],"connections":[],"annotations":[],"areas":[],"openingHoursSpecification":[],"externalId":"c2340078-25c0-40d2-b968-e5c1d386da6e"},{"id":"loc_1b50beca5a80c029","name":"FV-28","categories":[],"social":[],"pictures":[],"links":[],"spaces":[{"id":"s_d95decf81876460c"}],"obstructions":[],"entrances":[],"connections":[],"annotations":[],"areas":[],"openingHoursSpecification":[],"externalId":"f4f52f6f-541a-4410-a75f-f75e7c57f585"},{"id":"loc_486f9b429b846e4d","name":"FV-17","categories":[],"social":[],"pictures":[],"links":[],"spaces":[{"id":"s_788200edeee7d049"}],"obstructions":[],"entrances":[],"connections":[],"annotations":[],"areas":[],"openingHoursSpecification":[],"externalId":"0d7f6bb2-483b-42ef-b641-a97df57dd253"},{"id":"loc_c076261a3fe9d9fb","name":"RG-5","categories":[],"social":[],"pictures":[],"links":[],"spaces":[{"id":"s_111c29345123e850"}],"obstructions":[],"entrances":[],"connections":[],"annotations":[],"areas":[],"openingHoursSpecification":[],"externalId":"b77fd256-69b6-4212-8715-f4a9688dee39"},{"id":"loc_808fba4da6a0a007","name":"V-9","categories":[],"social":[],"pictures":[],"links":[],"spaces":[{"id":"s_00b79d4327e7e1d7"}],"obstructions":[],"entrances":[],"connections":[],"annotations":[],"areas":[],"openingHoursSpecification":[],"externalId":"fe20c4f2-4b08-4c2d-8bab-897c59009b21"},{"id":"loc_b0c9d9a314a9f3fb","name":"M-18","categories":[],"social":[],"pictures":[],"links":[],"spaces":[{"id":"s_ef2e636f567d7eb8"}],"obstructions":[],"entrances":[],"connections":[],"annotations":[],"areas":[],"openingHoursSpecification":[],"externalId":"375fdf8a-0dc7-4d39-b12a-6ba5e3f47501"},{"id":"loc_af553b1348ed26c3","name":"RG-16","categories":[],"social":[],"pictures":[],"links":[],"spaces":[{"id":"s_688c94b2e95e213b"}],"obstructions":[],"entrances":[],"connections":[],"annotations":[],"areas":[],"openingHoursSpecification":[],"externalId":"60d0cd4e-2047-4bd3-896f-974b0a3b99d8"},{"id":"loc_53d7efc57db6879b","name":"E-7","categories":[],"social":[],"pictures":[],"links":[],"spaces":[{"id":"s_a177658d62033f90"}],"obstructions":[],"entrances":[],"connections":[],"annotations":[],"areas":[],"openingHoursSpecification":[],"externalId":"5591b482-ed56-4c7c-823a-89345b8d159b"},{"id":"loc_c6162f5638e188d6","name":"RG-15","categories":[],"social":[],"pictures":[],"links":[],"spaces":[{"id":"s_e027a3e9b5421c85"}],"obstructions":[],"entrances":[],"connections":[],"annotations":[],"areas":[],"openingHoursSpecification":[],"externalId":"e4fa102d-30d3-46be-8a07-068a99e7707e"},{"id":"loc_e89f9524fa3afbec","name":"F-21","categories":[],"social":[],"pictures":[],"links":[],"spaces":[{"id":"s_4e203cbee9505faa"}],"obstructions":[],"entrances":[],"connections":[],"annotations":[],"areas":[],"openingHoursSpecification":[],"externalId":"0c723cbb-989b-4265-9a24-c68a8ae1e2cb"},{"id":"loc_903bdfa72a9770d5","name":"F-27","categories":[],"social":[],"pictures":[],"links":[],"spaces":[{"id":"s_fdea1bd3c25852c4"}],"obstructions":[],"entrances":[],"connections":[],"annotations":[],"areas":[],"openingHoursSpecification":[],"externalId":"d3335b65-21bf-4973-858f-84ebc3cb5a30"},{"id":"loc_00d405680e29acfb","name":"FV-5","categories":[],"social":[],"pictures":[],"links":[],"spaces":[{"id":"s_cc9c243488abd4b1"}],"obstructions":[],"entrances":[],"connections":[],"annotations":[],"areas":[],"openingHoursSpecification":[],"externalId":"3597c3a2-609c-471f-908e-151a9c84d2f8"},{"id":"loc_b0d343d28c198536","name":"FV-6","categories":[],"social":[],"pictures":[],"links":[],"spaces":[{"id":"s_375b0834b2230732"}],"obstructions":[],"entrances":[],"connections":[],"annotations":[],"areas":[],"openingHoursSpecification":[],"externalId":"faf1e2ce-7963-4f32-adf6-fcabf42d65ff"},{"id":"loc_275284fabd43ce95","name":"FV-21","categories":[],"social":[],"pictures":[],"links":[],"spaces":[{"id":"s_3bf3051b8c09faca"}],"obstructions":[],"entrances":[],"connections":[],"annotations":[],"areas":[],"openingHoursSpecification":[],"externalId":"5730dfb1-8011-41cc-b5a4-ad62e57c141a"},{"id":"loc_481014dce16f3a5b","name":"M-46","categories":[],"social":[],"pictures":[],"links":[],"spaces":[{"id":"s_95ff322e9276ca34"}],"obstructions":[],"entrances":[],"connections":[],"annotations":[],"areas":[],"openingHoursSpecification":[],"externalId":"642fe204-8d3a-4e85-b8e5-38c3c2113ff7"},{"id":"loc_d1a1bda5fc6b2c29","name":"FV-12","categories":[],"social":[],"pictures":[],"links":[],"spaces":[{"id":"s_8561073d446572c6"}],"obstructions":[],"entrances":[],"connections":[],"annotations":[],"areas":[],"openingHoursSpecification":[],"externalId":"0cdd3445-41ed-4ae4-ac4f-c3c3f2d9476d"},{"id":"loc_8909564f73a27c94","name":"F-49","categories":[],"social":[],"pictures":[],"links":[],"spaces":[{"id":"s_e44caeb1c0cf0972"}],"obstructions":[],"entrances":[],"connections":[],"annotations":[],"areas":[],"openingHoursSpecification":[],"externalId":"4609f89d-3044-4633-b773-6f38f238f536"},{"id":"loc_a2f9c505b8df4262","name":"F-45","categories":[],"social":[],"pictures":[],"links":[],"spaces":[{"id":"s_1836adbb27748324"}],"obstructions":[],"entrances":[],"connections":[],"annotations":[],"areas":[],"openingHoursSpecification":[],"externalId":"099bc01a-7561-4650-8602-447b6ee40bbc"},{"id":"loc_1b8b922424452bae","name":"V-2","categories":[],"social":[],"pictures":[],"links":[],"spaces":[{"id":"s_b716b5e3737c4dff"}],"obstructions":[],"entrances":[],"connections":[],"annotations":[],"areas":[],"openingHoursSpecification":[],"externalId":"f09a86d0-8402-4dd8-a446-010feef2a505"},{"id":"loc_f00b6842f7bc4e97","name":"F-5","categories":[],"social":[],"pictures":[],"links":[],"spaces":[{"id":"s_8ece0392c6389db7"}],"obstructions":[],"entrances":[],"connections":[],"annotations":[],"areas":[],"openingHoursSpecification":[],"externalId":"adbfdd9f-9e8f-4ea0-890d-b4f9922731db"},{"id":"loc_81087116106613a6","name":"F-64","categories":[],"social":[],"pictures":[],"links":[],"spaces":[{"id":"s_643ae8f4cf05c902"}],"obstructions":[],"entrances":[],"connections":[],"annotations":[],"areas":[],"openingHoursSpecification":[],"externalId":"82a5236d-ad43-4273-b9ca-3be38cf6474d"},{"id":"loc_b1d273d198f2b091","name":"RG-18","categories":[],"social":[],"pictures":[],"links":[],"spaces":[{"id":"s_f2c7c6d6b6930de4"}],"obstructions":[],"entrances":[],"connections":[],"annotations":[],"areas":[],"openingHoursSpecification":[],"externalId":"b2b48667-cf14-44d9-bf6d-ad5560ea5284"},{"id":"loc_819983d12e23b640","name":"F-35","categories":[],"social":[],"pictures":[],"links":[],"spaces":[{"id":"s_85c6991f7947b788"}],"obstructions":[],"entrances":[],"connections":[],"annotations":[],"areas":[],"openingHoursSpecification":[],"externalId":"a6426cbd-43bb-4cab-9fa4-3e9e2797a8c9"},{"id":"loc_9c1f2fd91438c31d","name":"M-5","categories":[],"social":[],"pictures":[],"links":[],"spaces":[{"id":"s_2d8683e9f5987f71"}],"obstructions":[],"entrances":[],"connections":[],"annotations":[],"areas":[],"openingHoursSpecification":[],"externalId":"7efd7bce-b280-45c5-83d5-a9a0fd14c337"},{"id":"loc_092524a03d5ef589","name":"M-47","categories":[],"social":[],"pictures":[],"links":[],"spaces":[{"id":"s_a2ead09a5e15bb17"}],"obstructions":[],"entrances":[],"connections":[],"annotations":[],"areas":[],"openingHoursSpecification":[],"externalId":"a0c2500d-91cb-4de1-aa8f-4afae2ff18bb"},{"id":"loc_d8a6154052d41982","name":"RG-10","categories":[],"social":[],"pictures":[],"links":[],"spaces":[{"id":"s_7cd7db888a786198"}],"obstructions":[],"entrances":[],"connections":[],"annotations":[],"areas":[],"openingHoursSpecification":[],"externalId":"9e21da25-d76e-4c9e-a6d2-5a624ce6d687"},{"id":"loc_86f47ea3e3e6c7dd","name":"M-67","categories":[],"social":[],"pictures":[],"links":[],"spaces":[{"id":"s_3a1c460b917606e7"}],"obstructions":[],"entrances":[],"connections":[],"annotations":[],"areas":[],"openingHoursSpecification":[],"externalId":"c9d2c042-0ad0-476b-b955-6ec6bac27680"},{"id":"loc_f31d2d50e4161778","name":"F-68","categories":[],"social":[],"pictures":[],"links":[],"spaces":[{"id":"s_5d47c1774f9c918c"}],"obstructions":[],"entrances":[],"connections":[],"annotations":[],"areas":[],"openingHoursSpecification":[],"externalId":"b344e204-dbea-4dee-8bc7-353ba64d242d"},{"id":"loc_d144458ae46022c7","name":"V-10","categories":[],"social":[],"pictures":[],"links":[],"spaces":[{"id":"s_35c7dabd2a12b6a5"}],"obstructions":[],"entrances":[],"connections":[],"annotations":[],"areas":[],"openingHoursSpecification":[],"externalId":"3e86df22-f57a-47a5-a20d-c1f288f57c30"},{"id":"loc_ef8e5d3b87ca6fbe","name":"FV-30","categories":[],"social":[],"pictures":[],"links":[],"spaces":[{"id":"s_fbbdb0a6a7c6def6"}],"obstructions":[],"entrances":[],"connections":[],"annotations":[],"areas":[],"openingHoursSpecification":[],"externalId":"300c7ceb-6313-45bc-88d7-749491e98e74"},{"id":"loc_77dd1d674347f7b8","name":"F-40","categories":[],"social":[],"pictures":[],"links":[],"spaces":[{"id":"s_1080259ef218d44e"}],"obstructions":[],"entrances":[],"connections":[],"annotations":[],"areas":[],"openingHoursSpecification":[],"externalId":"2591bd9c-6cdd-47c2-8f61-47c5ea6d0654"},{"id":"loc_bd603bae2d439f04","name":"V-8","categories":[],"social":[],"pictures":[],"links":[],"spaces":[{"id":"s_ea3c773d9dfe5942"}],"obstructions":[],"entrances":[],"connections":[],"annotations":[],"areas":[],"openingHoursSpecification":[],"externalId":"41f90b41-f1a5-4e1f-bbf5-ab15257f0ef9"},{"id":"loc_2d6551a8d9535fe0","name":"M-44","categories":[],"social":[],"pictures":[],"links":[],"spaces":[{"id":"s_6fe1efaf1ac336b6"}],"obstructions":[],"entrances":[],"connections":[],"annotations":[],"areas":[],"openingHoursSpecification":[],"externalId":"de6850a9-8513-443e-9b96-c69ad6b2e461"},{"id":"loc_ff9bb28b8fc1135c","name":"FV-7","categories":[],"social":[],"pictures":[],"links":[],"spaces":[{"id":"s_d575288f725d6c88"}],"obstructions":[],"entrances":[],"connections":[],"annotations":[],"areas":[],"openingHoursSpecification":[],"externalId":"e5d5f6dd-f606-40b9-a002-298e7b9f8aec"},{"id":"loc_9ea5c7c793bc948a","name":"E-3","categories":[],"social":[],"pictures":[],"links":[],"spaces":[{"id":"s_9346fbc615643ed3"}],"obstructions":[],"entrances":[],"connections":[],"annotations":[],"areas":[],"openingHoursSpecification":[],"externalId":"09f31a48-61c1-4ce3-8ccb-f65a49e5f0a7"},{"id":"loc_60bbe30b92d68c42","name":"G-1","categories":[],"social":[],"pictures":[],"links":[],"spaces":[{"id":"s_b916246f8d8048ff"}],"obstructions":[],"entrances":[],"connections":[],"annotations":[],"areas":[],"openingHoursSpecification":[],"externalId":"3ab1c440-b783-4a50-8db6-2ffdb9886da4"},{"id":"loc_dece0ef5a4aae811","name":"F-6","categories":[],"social":[],"pictures":[],"links":[],"spaces":[{"id":"s_b441e44d3e7bb3c9"}],"obstructions":[],"entrances":[],"connections":[],"annotations":[],"areas":[],"openingHoursSpecification":[],"externalId":"1411cfa3-6be7-443f-bed4-16fccafab989"},{"id":"loc_099a7b10f8fbac1b","name":"M-51","categories":[],"social":[],"pictures":[],"links":[],"spaces":[{"id":"s_e84f3d5995b0ec76"}],"obstructions":[],"entrances":[],"connections":[],"annotations":[],"areas":[],"openingHoursSpecification":[],"externalId":"58ca3775-3791-4033-93f3-7a2cf5bdad21"},{"id":"loc_652f533b98a182b3","name":"M-32","categories":[],"social":[],"pictures":[],"links":[],"spaces":[{"id":"s_dd6e3083c19cc641"}],"obstructions":[],"entrances":[],"connections":[],"annotations":[],"areas":[],"openingHoursSpecification":[],"externalId":"c91295dc-a5f4-4741-9332-e06e281fcc43"},{"id":"loc_7c9b4d9cf95ae76a","name":"G-3","categories":[],"social":[],"pictures":[],"links":[],"spaces":[{"id":"s_b42da5ba24bccb66"}],"obstructions":[],"entrances":[],"connections":[],"annotations":[],"areas":[],"openingHoursSpecification":[],"externalId":"e6c54f3f-bb35-44f0-986f-93d21edff930"},{"id":"loc_42ad1636695e7973","name":"M-37","categories":[],"social":[],"pictures":[],"links":[],"spaces":[{"id":"s_6426f314aa7438ff"}],"obstructions":[],"entrances":[],"connections":[],"annotations":[],"areas":[],"openingHoursSpecification":[],"externalId":"61155b9d-9b18-4aee-a509-3aca5cd5af62"},{"id":"loc_40c0557f590eb167","name":"F-42","categories":[],"social":[],"pictures":[],"links":[],"spaces":[{"id":"s_6f83072f631e814d"}],"obstructions":[],"entrances":[],"connections":[],"annotations":[],"areas":[],"openingHoursSpecification":[],"externalId":"ea3dcadd-4923-468f-86c2-085b8d6611e7"},{"id":"loc_e611a50c2b0c2dde","name":"F-25","categories":[],"social":[],"pictures":[],"links":[],"spaces":[{"id":"s_092b32b240d02ab3"}],"obstructions":[],"entrances":[],"connections":[],"annotations":[],"areas":[],"openingHoursSpecification":[],"externalId":"0b10275b-78ac-40f4-9c78-ca0bb1533afb"},{"id":"loc_a01a723c1bf9fd7f","name":"FV-8","categories":[],"social":[],"pictures":[],"links":[],"spaces":[{"id":"s_ca3804008282c74b"}],"obstructions":[],"entrances":[],"connections":[],"annotations":[],"areas":[],"openingHoursSpecification":[],"externalId":"b5bb7316-6647-4bd9-a9e2-31603e3dec43"},{"id":"loc_d17d8b53c5275eec","name":"M-24","categories":[],"social":[],"pictures":[],"links":[],"spaces":[{"id":"s_d8e14187dc5cb030"}],"obstructions":[],"entrances":[],"connections":[],"annotations":[],"areas":[],"openingHoursSpecification":[],"externalId":"a57d2c2a-ad22-4a16-ab32-2c67a9743a9c"},{"id":"loc_6010c0a6b9cb4f07","name":"E-12","categories":[],"social":[],"pictures":[],"links":[],"spaces":[{"id":"s_65b26666cbf67965"}],"obstructions":[],"entrances":[],"connections":[],"annotations":[],"areas":[],"openingHoursSpecification":[],"externalId":"7fbdb4bb-de25-4c02-9da1-3af38ddf44b6"},{"id":"loc_f4be3ea687ae5caf","name":"F-38","categories":[],"social":[],"pictures":[],"links":[],"spaces":[{"id":"s_6c73b61d5e71f53f"}],"obstructions":[],"entrances":[],"connections":[],"annotations":[],"areas":[],"openingHoursSpecification":[],"externalId":"d8f100d6-bac4-49d8-bcfa-b81fd86c0c2a"},{"id":"loc_91b2b25e395591f0","name":"F-67","categories":[],"social":[],"pictures":[],"links":[],"spaces":[{"id":"s_42618f62c912ea76"}],"obstructions":[],"entrances":[],"connections":[],"annotations":[],"areas":[],"openingHoursSpecification":[],"externalId":"2f7c574e-be53-4ad4-a555-93f31ebcae10"},{"id":"loc_1d9e12644d5ff47a","name":"G-8","categories":[],"social":[],"pictures":[],"links":[],"spaces":[{"id":"s_44033a985f891c01"}],"obstructions":[],"entrances":[],"connections":[],"annotations":[],"areas":[],"openingHoursSpecification":[],"externalId":"d934307c-9ac5-45e6-84b4-467cebfde940"},{"id":"loc_947c0bfc5ee48f98","name":"M-63","categories":[],"social":[],"pictures":[],"links":[],"spaces":[{"id":"s_56200b2b1b8ad70b"}],"obstructions":[],"entrances":[],"connections":[],"annotations":[],"areas":[],"openingHoursSpecification":[],"externalId":"478bde28-de59-4c50-a7e8-75a27a4fef1d"},{"id":"loc_c51c312a29f32749","name":"RG-19","categories":[],"social":[],"pictures":[],"links":[],"spaces":[{"id":"s_82d7e8a9600d445e"}],"obstructions":[],"entrances":[],"connections":[],"annotations":[],"areas":[],"openingHoursSpecification":[],"externalId":"92b4d077-cae5-4364-8525-a4df45574b94"},{"id":"loc_d4ff22efc202e26b","name":"E-10","categories":[],"social":[],"pictures":[],"links":[],"spaces":[{"id":"s_9d257ffec2d4e546"}],"obstructions":[],"entrances":[],"connections":[],"annotations":[],"areas":[],"openingHoursSpecification":[],"externalId":"ba57af60-5c51-4dc3-ad44-40d81c52e697"},{"id":"loc_16f11c44ea80fbe2","name":"RG-6","categories":[],"social":[],"pictures":[],"links":[],"spaces":[{"id":"s_2681d1db0d6b36dc"}],"obstructions":[],"entrances":[],"connections":[],"annotations":[],"areas":[],"openingHoursSpecification":[],"externalId":"7bbdbb5e-8d3b-486b-a91f-aa010120bc26"},{"id":"loc_45ea41e85b774e85","name":"FV-10","categories":[],"social":[],"pictures":[],"links":[],"spaces":[{"id":"s_4417f3014496817b"}],"obstructions":[],"entrances":[],"connections":[],"annotations":[],"areas":[],"openingHoursSpecification":[],"externalId":"6ee70868-361a-4560-8ac0-40d3abf983b5"},{"id":"loc_03a140613d86ca8c","name":"E-9","categories":[],"social":[],"pictures":[],"links":[],"spaces":[{"id":"s_7b3208755250a9f9"}],"obstructions":[],"entrances":[],"connections":[],"annotations":[],"areas":[],"openingHoursSpecification":[],"externalId":"bbf57644-2a09-4a4e-8b1f-10f4b8a97f5e"},{"id":"loc_060739846c016b2b","name":"F-46","categories":[],"social":[],"pictures":[],"links":[],"spaces":[{"id":"s_d00b146cb01f45f7"}],"obstructions":[],"entrances":[],"connections":[],"annotations":[],"areas":[],"openingHoursSpecification":[],"externalId":"242445b8-779b-436e-9fbb-1387fe856ff9"},{"id":"loc_f6f8e4080b941e25","name":"RG-14","categories":[],"social":[],"pictures":[],"links":[],"spaces":[{"id":"s_afbffba2a90ce2a7"}],"obstructions":[],"entrances":[],"connections":[],"annotations":[],"areas":[],"openingHoursSpecification":[],"externalId":"9e9387e4-3b96-4e04-a8f8-0d6231108bf1"},{"id":"loc_cc5f5ef46643aceb","name":"F-30","categories":[],"social":[],"pictures":[],"links":[],"spaces":[{"id":"s_096976575dfc54c6"}],"obstructions":[],"entrances":[],"connections":[],"annotations":[],"areas":[],"openingHoursSpecification":[],"externalId":"edc8a139-f95b-4603-95c6-f17572b62921"},{"id":"loc_b9a4375efe2e6e8d","name":"M-10","categories":[],"social":[],"pictures":[],"links":[],"spaces":[{"id":"s_5f6148ad30ba31d7"}],"obstructions":[],"entrances":[],"connections":[],"annotations":[],"areas":[],"openingHoursSpecification":[],"externalId":"6fbe4adf-6d67-4091-97e1-cb36d93f3183"},{"id":"loc_71445284da798396","name":"Ice Storage","categories":[],"social":[],"pictures":[],"links":[],"spaces":[{"id":"s_7642cdf0ca435b28"}],"obstructions":[],"entrances":[],"connections":[],"annotations":[],"areas":[],"openingHoursSpecification":[]},{"id":"loc_4c71f75dfefc8f94","name":"F-63","categories":[],"social":[],"pictures":[],"links":[],"spaces":[{"id":"s_ff51a34d3488d946"}],"obstructions":[],"entrances":[],"connections":[],"annotations":[],"areas":[],"openingHoursSpecification":[],"externalId":"7d5ed311-1991-43f1-b3fd-4d34c2d8aa6e"},{"id":"loc_7ba08b611e8cf5cd","name":"G-10","categories":[],"social":[],"pictures":[],"links":[],"spaces":[{"id":"s_bcee61ff11f09b04"}],"obstructions":[],"entrances":[],"connections":[],"annotations":[],"areas":[],"openingHoursSpecification":[],"externalId":"a02ee9dd-6f52-43c0-a999-9afff8707824"},{"id":"loc_456d0772841b3028","name":"FV-16","categories":[],"social":[],"pictures":[],"links":[],"spaces":[{"id":"s_81243a0053d643d9"}],"obstructions":[],"entrances":[],"connections":[],"annotations":[],"areas":[],"openingHoursSpecification":[],"externalId":"7aaf7b72-0279-4a5c-abf9-b6b45d26dfa7"},{"id":"loc_1e92aa9f47c4bcc7","name":"F-41","categories":[],"social":[],"pictures":[],"links":[],"spaces":[{"id":"s_700238cb20a8a796"}],"obstructions":[],"entrances":[],"connections":[],"annotations":[],"areas":[],"openingHoursSpecification":[],"externalId":"56e9af3e-bd6e-4fe9-9daa-aff888e20d23"},{"id":"loc_56e9cde81282bea7","name":"M-52","categories":[],"social":[],"pictures":[],"links":[],"spaces":[{"id":"s_6f1a17655c6c38fe"}],"obstructions":[],"entrances":[],"connections":[],"annotations":[],"areas":[],"openingHoursSpecification":[],"externalId":"24b8e6da-4be4-40f9-8bd6-7efe3cce0859"},{"id":"loc_b6935ed346ef12ba","name":"M-1","categories":[],"social":[],"pictures":[],"links":[],"spaces":[{"id":"s_0eba628c51bbd8f5"}],"obstructions":[],"entrances":[],"connections":[],"annotations":[],"areas":[],"openingHoursSpecification":[],"externalId":"e2943810-e31d-4120-940b-71cdda811ea4"},{"id":"loc_d543f4b862c1990f","name":"FV-35","categories":[],"social":[],"pictures":[],"links":[],"spaces":[{"id":"s_5f73574566dc6df3"}],"obstructions":[],"entrances":[],"connections":[],"annotations":[],"areas":[],"openingHoursSpecification":[],"externalId":"8a05d690-0ee0-4b38-9cbb-db9294b7d2b9"},{"id":"loc_59df67e21470752c","name":"M-22","categories":[],"social":[],"pictures":[],"links":[],"spaces":[{"id":"s_23ed4f5b8cfcc2b6"}],"obstructions":[],"entrances":[],"connections":[],"annotations":[],"areas":[],"openingHoursSpecification":[],"externalId":"abfad570-99aa-4532-b6dc-0dcce2d341c6"},{"id":"loc_eb46a520421a52cb","name":"F-34","categories":[],"social":[],"pictures":[],"links":[],"spaces":[{"id":"s_95231de64838e88a"}],"obstructions":[],"entrances":[],"connections":[],"annotations":[],"areas":[],"openingHoursSpecification":[],"externalId":"05729f29-56d6-4dd0-8c02-3ad363a56ec0"},{"id":"loc_4a8b6f525c6637b2","name":"M-55","categories":[],"social":[],"pictures":[],"links":[],"spaces":[{"id":"s_1fb3fdf4985b5076"}],"obstructions":[],"entrances":[],"connections":[],"annotations":[],"areas":[],"openingHoursSpecification":[],"externalId":"1d764a41-e9e3-4b39-b787-b15905acf696"},{"id":"loc_aa4d6630244e1ccd","name":"FV-33","categories":[],"social":[],"pictures":[],"links":[],"spaces":[{"id":"s_dd47969babfd3bb8"}],"obstructions":[],"entrances":[],"connections":[],"annotations":[],"areas":[],"openingHoursSpecification":[],"externalId":"86aae3fa-926b-4951-98a9-664031d7fb45"},{"id":"loc_130fe4b88d7fbe66","name":"RG-9","categories":[],"social":[],"pictures":[],"links":[],"spaces":[{"id":"s_dd5f19ea5a67e7e2"}],"obstructions":[],"entrances":[],"connections":[],"annotations":[],"areas":[],"openingHoursSpecification":[],"externalId":"8c54f574-5c28-4a6c-a44d-cebc009ef913"},{"id":"loc_ed6a8bf769e3eaa5","name":"M-23","categories":[],"social":[],"pictures":[],"links":[],"spaces":[{"id":"s_ddf8ee7290827c15"}],"obstructions":[],"entrances":[],"connections":[],"annotations":[],"areas":[],"openingHoursSpecification":[],"externalId":"9e624995-8e83-4c0b-8c70-70edd7da38ae"},{"id":"loc_bcd09b841f1f53fe","name":"RG-2","categories":[],"social":[],"pictures":[],"links":[],"spaces":[{"id":"s_3b13ff0da8182e5e"}],"obstructions":[],"entrances":[],"connections":[],"annotations":[],"areas":[],"openingHoursSpecification":[],"externalId":"535e3a02-bc22-46b4-a7a8-d3bfa7973b6e"},{"id":"loc_e4f640cf2c61b692","name":"F-24","categories":[],"social":[],"pictures":[],"links":[],"spaces":[{"id":"s_236d037457d836cd"}],"obstructions":[],"entrances":[],"connections":[],"annotations":[],"areas":[],"openingHoursSpecification":[],"externalId":"318d6b60-135a-428b-b8ca-520009036d1f"},{"id":"loc_ddea2dd1b28f472d","name":"F-48","categories":[],"social":[],"pictures":[],"links":[],"spaces":[{"id":"s_06c819cda6e78bdd"}],"obstructions":[],"entrances":[],"connections":[],"annotations":[],"areas":[],"openingHoursSpecification":[],"externalId":"52e121b4-7411-4a8f-87f0-666c1b9a06c9"},{"id":"loc_8c0aa7b4c92e8d21","name":"M-31","categories":[],"social":[],"pictures":[],"links":[],"spaces":[{"id":"s_1d8b015734b03cda"}],"obstructions":[],"entrances":[],"connections":[],"annotations":[],"areas":[],"openingHoursSpecification":[],"externalId":"a2897a62-2cd5-4bde-9a8b-7b04b6c9a45c"},{"id":"loc_9afde1e99281b520","name":"F-11","categories":[],"social":[],"pictures":[],"links":[],"spaces":[{"id":"s_901d57b76443e057"}],"obstructions":[],"entrances":[],"connections":[],"annotations":[],"areas":[],"openingHoursSpecification":[],"externalId":"c21b698f-fd35-4895-8dab-791c4502833f"},{"id":"loc_63b41e98a47cd196","name":"F-15","categories":[],"social":[],"pictures":[],"links":[],"spaces":[{"id":"s_bb2dfb4491e5e7a3"}],"obstructions":[],"entrances":[],"connections":[],"annotations":[],"areas":[],"openingHoursSpecification":[],"externalId":"6085e41b-0bf4-4822-bec3-b8e18b76e5ee"},{"id":"loc_5028320e1bb4e3ee","name":"F-60","categories":[],"social":[],"pictures":[],"links":[],"spaces":[{"id":"s_b4a4803652e20f59"}],"obstructions":[],"entrances":[],"connections":[],"annotations":[],"areas":[],"openingHoursSpecification":[],"externalId":"aac9efae-d5cf-4fed-9a8e-85e4d504a370"},{"id":"loc_191a36d97d1bcba3","name":"E-5","categories":[],"social":[],"pictures":[],"links":[],"spaces":[{"id":"s_c4dcc0d9f37b485c"}],"obstructions":[],"entrances":[],"connections":[],"annotations":[],"areas":[],"openingHoursSpecification":[],"externalId":"6df4014b-50fd-40fa-9e5b-24f1a7875f8c"},{"id":"loc_e20a832533c0e093","name":"M-70","categories":[],"social":[],"pictures":[],"links":[],"spaces":[{"id":"s_71a2de7af079a7e7"}],"obstructions":[],"entrances":[],"connections":[],"annotations":[],"areas":[],"openingHoursSpecification":[],"externalId":"bf8a46e3-bf24-4237-8c2f-a3194770c31d"},{"id":"loc_558400062884f02e","name":"G-11","categories":[],"social":[],"pictures":[],"links":[],"spaces":[{"id":"s_d8191e9873c1182f"}],"obstructions":[],"entrances":[],"connections":[],"annotations":[],"areas":[],"openingHoursSpecification":[],"externalId":"f1eef8f8-ff3f-49bd-ad6a-bd04181e793a"},{"id":"loc_4b2f26ae9b143ce7","name":"M-33","categories":[],"social":[],"pictures":[],"links":[],"spaces":[{"id":"s_920d7747be57bd62"}],"obstructions":[],"entrances":[],"connections":[],"annotations":[],"areas":[],"openingHoursSpecification":[],"externalId":"fd041488-5685-4624-b00b-13678aa46ccd"},{"id":"loc_c5c871d2df324f49","name":"F-56","categories":[],"social":[],"pictures":[],"links":[],"spaces":[{"id":"s_e0e21149a9c8d140"}],"obstructions":[],"entrances":[],"connections":[],"annotations":[],"areas":[],"openingHoursSpecification":[],"externalId":"738f4657-37b9-480d-81ff-d4c338e04d7b"},{"id":"loc_74b5037556dea9fc","name":"M-36","categories":[],"social":[],"pictures":[],"links":[],"spaces":[{"id":"s_f5791599e66d5ae6"}],"obstructions":[],"entrances":[],"connections":[],"annotations":[],"areas":[],"openingHoursSpecification":[],"externalId":"aa42c4ae-ab38-44f3-a7af-34cf2fe87eff"},{"id":"loc_e7aeae89eca10f82","name":"V-12","categories":[],"social":[],"pictures":[],"links":[],"spaces":[{"id":"s_a923eca0051b8994"}],"obstructions":[],"entrances":[],"connections":[],"annotations":[],"areas":[],"openingHoursSpecification":[],"externalId":"081bc410-84a7-405d-bd59-67d3fdb4bc74"},{"id":"loc_c1785912dff5cd3c","name":"FV-24","categories":[],"social":[],"pictures":[],"links":[],"spaces":[{"id":"s_852049148f2e0e43"}],"obstructions":[],"entrances":[],"connections":[],"annotations":[],"areas":[],"openingHoursSpecification":[],"externalId":"f65aa7d1-20b8-440d-bc1a-51537c25fc08"},{"id":"loc_7e922a95bd0494fe","name":"M-62","categories":[],"social":[],"pictures":[],"links":[],"spaces":[{"id":"s_4e819f3fc0ecc686"}],"obstructions":[],"entrances":[],"connections":[],"annotations":[],"areas":[],"openingHoursSpecification":[],"externalId":"80333f75-987b-400b-b97d-e3a4bb2b0810"},{"id":"loc_ba2d69d6d5a5b0c3","name":"F-70","categories":[],"social":[],"pictures":[],"links":[],"spaces":[{"id":"s_8590cfbf9e082c25"}],"obstructions":[],"entrances":[],"connections":[],"annotations":[],"areas":[],"openingHoursSpecification":[],"externalId":"f60d6b7e-d31e-41cd-8aa0-3ee5682c47dd"},{"id":"loc_43f630401c45adb9","name":"RG-13","categories":[],"social":[],"pictures":[],"links":[],"spaces":[{"id":"s_e9f9aa13d6429cb7"}],"obstructions":[],"entrances":[],"connections":[],"annotations":[],"areas":[],"openingHoursSpecification":[],"externalId":"650e658e-ccc4-4074-a5e6-a566a7065dcb"},{"id":"loc_4c08513b8992a01e","name":"F-22","categories":[],"social":[],"pictures":[],"links":[],"spaces":[{"id":"s_b426eda37a65c459"}],"obstructions":[],"entrances":[],"connections":[],"annotations":[],"areas":[],"openingHoursSpecification":[],"externalId":"b3f5f1d3-7eee-48a8-9b06-627b02d1672a"},{"id":"loc_1186eaf3c0c121b9","name":"F-17","categories":[],"social":[],"pictures":[],"links":[],"spaces":[{"id":"s_e78d6df543cb165e"}],"obstructions":[],"entrances":[],"connections":[],"annotations":[],"areas":[],"openingHoursSpecification":[],"externalId":"96318218-8477-4b68-aa8f-d9e4c53b2c9a"},{"id":"loc_afbd7f9844ebc1d6","name":"F-53","categories":[],"social":[],"pictures":[],"links":[],"spaces":[{"id":"s_84d3a38d5c7885a5"}],"obstructions":[],"entrances":[],"connections":[],"annotations":[],"areas":[],"openingHoursSpecification":[],"externalId":"7278f34e-20b2-4dd9-8914-6f7d36b32be3"},{"id":"loc_b8a26fbd456bfa22","name":"M-4","categories":[],"social":[],"pictures":[],"links":[],"spaces":[{"id":"s_462b92e1b7d5e187"}],"obstructions":[],"entrances":[],"connections":[],"annotations":[],"areas":[],"openingHoursSpecification":[],"externalId":"7363c516-22e3-47a4-bb5d-1fff63329316"},{"id":"loc_8ae37e258e473149","name":"FV-11","categories":[],"social":[],"pictures":[],"links":[],"spaces":[{"id":"s_267c559ae0049e5c"}],"obstructions":[],"entrances":[],"connections":[],"annotations":[],"areas":[],"openingHoursSpecification":[],"externalId":"6dcba290-701a-4fc9-8684-350235784726"},{"id":"loc_c2976547e922178f","name":"M-26","categories":[],"social":[],"pictures":[],"links":[],"spaces":[{"id":"s_dda4999b192d0c61"}],"obstructions":[],"entrances":[],"connections":[],"annotations":[],"areas":[],"openingHoursSpecification":[],"externalId":"28dccbd7-10e9-4964-ab01-026957fb3b00"},{"id":"loc_84ed3de21ad9e020","name":"F-2","categories":[],"social":[],"pictures":[],"links":[],"spaces":[{"id":"s_70237f36ac522d2e"}],"obstructions":[],"entrances":[],"connections":[],"annotations":[],"areas":[],"openingHoursSpecification":[],"externalId":"93f203a3-f550-40d9-9671-0ecde4f90f0c"},{"id":"loc_65b4cd8ff4edb4ea","name":"M-3","categories":[],"social":[],"pictures":[],"links":[],"spaces":[{"id":"s_aec8a2cdfc4118f8"}],"obstructions":[],"entrances":[],"connections":[],"annotations":[],"areas":[],"openingHoursSpecification":[],"externalId":"a7623d65-c87e-4f79-9f0d-e63313e04fef"},{"id":"loc_a22e7c986181dc78","name":"RG-4","categories":[],"social":[],"pictures":[],"links":[],"spaces":[{"id":"s_a656312f81606238"}],"obstructions":[],"entrances":[],"connections":[],"annotations":[],"areas":[],"openingHoursSpecification":[],"externalId":"12fe19cc-bf30-4e6e-b6f5-e1edac192f4e"},{"id":"loc_38991e2a014ac20d","name":"F-55","categories":[],"social":[],"pictures":[],"links":[],"spaces":[{"id":"s_2468627d1c53fbf5"}],"obstructions":[],"entrances":[],"connections":[],"annotations":[],"areas":[],"openingHoursSpecification":[],"externalId":"557bcdbd-b960-41c1-a650-cc94393d69b7"},{"id":"loc_c9ab65e0218980ad","name":"M-13","categories":[],"social":[],"pictures":[],"links":[],"spaces":[{"id":"s_b2db43b309d1f614"}],"obstructions":[],"entrances":[],"connections":[],"annotations":[],"areas":[],"openingHoursSpecification":[],"externalId":"b3c6d799-f8bb-41fb-836a-3cc24bfee3bf"},{"id":"loc_87e0977ad3437961","name":"M-27","categories":[],"social":[],"pictures":[],"links":[],"spaces":[{"id":"s_cc87adf28b03f0be"}],"obstructions":[],"entrances":[],"connections":[],"annotations":[],"areas":[],"openingHoursSpecification":[],"externalId":"595b29c5-3afa-4d6d-bc2f-aa233c9ab2dd"},{"id":"loc_44034c7a4e79d35c","name":"G-5","categories":[],"social":[],"pictures":[],"links":[],"spaces":[{"id":"s_99ee946410470807"}],"obstructions":[],"entrances":[],"connections":[],"annotations":[],"areas":[],"openingHoursSpecification":[],"externalId":"74039100-1047-4f1b-866e-a71f52f67cfe"},{"id":"loc_70e487a13dc9b8e9","name":"F-43","categories":[],"social":[],"pictures":[],"links":[],"spaces":[{"id":"s_75bf0327e3e0029e"}],"obstructions":[],"entrances":[],"connections":[],"annotations":[],"areas":[],"openingHoursSpecification":[],"externalId":"1b0bc50c-5ee7-4376-a9b2-109101b125c0"},{"id":"loc_5e94dfde2b56cc2f","name":"FV-32","categories":[],"social":[],"pictures":[],"links":[],"spaces":[{"id":"s_3a226515c7bc8b82"}],"obstructions":[],"entrances":[],"connections":[],"annotations":[],"areas":[],"openingHoursSpecification":[],"externalId":"ab3062a2-20cd-4e2f-b239-771b42a0cca9"},{"id":"loc_6be53b3d226d03f3","name":"M-35","categories":[],"social":[],"pictures":[],"links":[],"spaces":[{"id":"s_e74bed4d22f31635"}],"obstructions":[],"entrances":[],"connections":[],"annotations":[],"areas":[],"openingHoursSpecification":[],"externalId":"fdca5bfb-d050-4a30-afa4-40b07ef98a1d"},{"id":"loc_a9cfeedf5c29385e","name":"F-18","categories":[],"social":[],"pictures":[],"links":[],"spaces":[{"id":"s_47544181fdcc4c78"}],"obstructions":[],"entrances":[],"connections":[],"annotations":[],"areas":[],"openingHoursSpecification":[],"externalId":"8f964398-6297-4295-956c-b4f60471298b"},{"id":"loc_a150dd1d1f3863e9","name":"RG-20","categories":[],"social":[],"pictures":[],"links":[],"spaces":[{"id":"s_e4c686afd404bbb5"}],"obstructions":[],"entrances":[],"connections":[],"annotations":[],"areas":[],"openingHoursSpecification":[],"externalId":"cf5d67ed-dfad-4d01-a2a6-4ff3074be349"},{"id":"loc_9b61df95a6691fdd","name":"F-12","categories":[],"social":[],"pictures":[],"links":[],"spaces":[{"id":"s_7cd0ed1afa24e2ac"}],"obstructions":[],"entrances":[],"connections":[],"annotations":[],"areas":[],"openingHoursSpecification":[],"externalId":"f35eaf8e-f599-407b-8abf-0c7161b8f493"},{"id":"loc_313786b7d1a2c570","name":"M-8","categories":[],"social":[],"pictures":[],"links":[],"spaces":[{"id":"s_0ac5c4e165531668"}],"obstructions":[],"entrances":[],"connections":[],"annotations":[],"areas":[],"openingHoursSpecification":[],"externalId":"7fbcaac1-e585-4bed-b5c1-3fa3377105c1"},{"id":"loc_91160fc4ba7ea17e","name":"V-11","categories":[],"social":[],"pictures":[],"links":[],"spaces":[{"id":"s_aa605ec973c20de6"}],"obstructions":[],"entrances":[],"connections":[],"annotations":[],"areas":[],"openingHoursSpecification":[],"externalId":"d391fd83-a846-49f3-8fa5-9ba3a54cce20"},{"id":"loc_6b14223501135bf4","name":"G-7","categories":[],"social":[],"pictures":[],"links":[],"spaces":[{"id":"s_b68265fe6df38dad"}],"obstructions":[],"entrances":[],"connections":[],"annotations":[],"areas":[],"openingHoursSpecification":[],"externalId":"ea24f11d-781e-49c7-b4a4-add26335e965"},{"id":"loc_0b8d0a4a41fb9775","name":"E-8","categories":[],"social":[],"pictures":[],"links":[],"spaces":[{"id":"s_acdfa5ed3aa6e94e"}],"obstructions":[],"entrances":[],"connections":[],"annotations":[],"areas":[],"openingHoursSpecification":[],"externalId":"85b09655-cb4e-45a1-872c-c134bdaade9f"},{"id":"loc_c51027db6e85497a","name":"M-49","categories":[],"social":[],"pictures":[],"links":[],"spaces":[{"id":"s_cc3b4773617c369e"}],"obstructions":[],"entrances":[],"connections":[],"annotations":[],"areas":[],"openingHoursSpecification":[],"externalId":"1797850b-20ad-40cc-985d-799a782bf151"},{"id":"loc_2892d76d592a96d9","name":"V-4","categories":[],"social":[],"pictures":[],"links":[],"spaces":[{"id":"s_b95dfe2b7bafea4f"}],"obstructions":[],"entrances":[],"connections":[],"annotations":[],"areas":[],"openingHoursSpecification":[],"externalId":"6995aa4f-9a41-4b82-a364-b3af80e5b332'"},{"id":"loc_59495ac483b2245b","name":"F-36","categories":[],"social":[],"pictures":[],"links":[],"spaces":[{"id":"s_8da320e72cd7fca7"}],"obstructions":[],"entrances":[],"connections":[],"annotations":[],"areas":[],"openingHoursSpecification":[],"externalId":"e1b656eb-1502-4670-b4fc-dc3601d31c23"},{"id":"loc_181b9e8bf5f12c32","name":"M-57","categories":[],"social":[],"pictures":[],"links":[],"spaces":[{"id":"s_b64551138b870abb"}],"obstructions":[],"entrances":[],"connections":[],"annotations":[],"areas":[],"openingHoursSpecification":[],"externalId":"3425b6cd-72a5-4ba2-890f-53b3b49f58c3"},{"id":"loc_d180a86bef33d141","name":"F-26","categories":[],"social":[],"pictures":[],"links":[],"spaces":[{"id":"s_153556209ce20a2e"}],"obstructions":[],"entrances":[],"connections":[],"annotations":[],"areas":[],"openingHoursSpecification":[],"externalId":"3b21d128-7469-4d78-9217-c735ec47a6a5"},{"id":"loc_989e0aed562c86b1","name":"M-65","categories":[],"social":[],"pictures":[],"links":[],"spaces":[{"id":"s_7607a38065b0a5ef"}],"obstructions":[],"entrances":[],"connections":[],"annotations":[],"areas":[],"openingHoursSpecification":[],"externalId":"05489c8c-f8fe-4bb1-a7dc-61469e4ee947"},{"id":"loc_d33da095e9836945","name":"FV-9","categories":[],"social":[],"pictures":[],"links":[],"spaces":[{"id":"s_64349a01fcea62c8"}],"obstructions":[],"entrances":[],"connections":[],"annotations":[],"areas":[],"openingHoursSpecification":[],"externalId":"a15b1859-44f5-474b-8f1f-3deb9ab1ac93"},{"id":"loc_960540abbcbeee1e","name":"M-53","categories":[],"social":[],"pictures":[],"links":[],"spaces":[{"id":"s_3aaa59c476ab19f5"}],"obstructions":[],"entrances":[],"connections":[],"annotations":[],"areas":[],"openingHoursSpecification":[],"externalId":"d764b039-c684-4c15-8708-a3fd63a45053"},{"id":"loc_ce615d7e85b58a9c","name":"F-28","categories":[],"social":[],"pictures":[],"links":[],"spaces":[{"id":"s_0210a05eb77ae889"}],"obstructions":[],"entrances":[],"connections":[],"annotations":[],"areas":[],"openingHoursSpecification":[],"externalId":"9a9d89d6-6b56-4c82-8636-06b36b2b15fb"},{"id":"loc_e30d5bd0ede7fc95","name":"F-3","categories":[],"social":[],"pictures":[],"links":[],"spaces":[{"id":"s_5e7f6f58f0692d43"}],"obstructions":[],"entrances":[],"connections":[],"annotations":[],"areas":[],"openingHoursSpecification":[],"externalId":"a27643ec-a312-40f7-9d9e-a6039e76cfb4"},{"id":"loc_e27bc474e609662c","name":"FV-22","categories":[],"social":[],"pictures":[],"links":[],"spaces":[{"id":"s_a9004e76915c00ca"}],"obstructions":[],"entrances":[],"connections":[],"annotations":[],"areas":[],"openingHoursSpecification":[],"externalId":"d88cfac3-e30a-40d8-a728-3b106bd00604"},{"id":"loc_c8e4c4c2d5225793","name":"F-20","categories":[],"social":[],"pictures":[],"links":[],"spaces":[{"id":"s_0a11d0eb8c28486b"}],"obstructions":[],"entrances":[],"connections":[],"annotations":[],"areas":[],"openingHoursSpecification":[],"externalId":"09cf0bc7-2451-42b6-9187-8c3c49ea2a7a"},{"id":"loc_6c4d223bf8cb973c","name":"F-69","categories":[],"social":[],"pictures":[],"links":[],"spaces":[{"id":"s_aefe77c79c6a82ea"}],"obstructions":[],"entrances":[],"connections":[],"annotations":[],"areas":[],"openingHoursSpecification":[],"externalId":"c1f93f1d-aab2-4d3e-9c42-207e310d95ee"},{"id":"loc_522ffedc40adccb9","name":"M-48","categories":[],"social":[],"pictures":[],"links":[],"spaces":[{"id":"s_e834aab2c8460eaf"}],"obstructions":[],"entrances":[],"connections":[],"annotations":[],"areas":[],"openingHoursSpecification":[],"externalId":"29cbc6e3-7fa8-48e2-8c76-90456ec8110e"},{"id":"loc_b9b4d5558f8f3c22","name":"F-8","categories":[],"social":[],"pictures":[],"links":[],"spaces":[{"id":"s_ec18524ccd949602"}],"obstructions":[],"entrances":[],"connections":[],"annotations":[],"areas":[],"openingHoursSpecification":[],"externalId":"3c369419-5246-4b5a-bf03-7ed88b907568"},{"id":"loc_b6dc145affc43514","name":"M-61","categories":[],"social":[],"pictures":[],"links":[],"spaces":[{"id":"s_d7a45fa1c4e1fbeb"}],"obstructions":[],"entrances":[],"connections":[],"annotations":[],"areas":[],"openingHoursSpecification":[],"externalId":"da5f62fc-bf06-445e-9229-dedfcc6e6e33"},{"id":"loc_1397615606bccb0e","name":"F-65","categories":[],"social":[],"pictures":[],"links":[],"spaces":[{"id":"s_931d5aac299f1acc"}],"obstructions":[],"entrances":[],"connections":[],"annotations":[],"areas":[],"openingHoursSpecification":[],"externalId":"ba7ee323-bc46-4d37-b7f2-878579b4c671"},{"id":"loc_f04094538788b55f","name":"F-31","categories":[],"social":[],"pictures":[],"links":[],"spaces":[{"id":"s_dbd2167007ea793c"}],"obstructions":[],"entrances":[],"connections":[],"annotations":[],"areas":[],"openingHoursSpecification":[],"externalId":"34ce312f-9d0d-4857-b4b6-e9fe31929eaa"},{"id":"loc_b8956694835814d2","name":"FV-25","categories":[],"social":[],"pictures":[],"links":[],"spaces":[{"id":"s_02b464e84b6b8640"}],"obstructions":[],"entrances":[],"connections":[],"annotations":[],"areas":[],"openingHoursSpecification":[],"externalId":"d4c3c95b-0b33-4d3f-930d-836902be52d0"},{"id":"loc_64e0b4cb9cf1caf0","name":"FV-23","categories":[],"social":[],"pictures":[],"links":[],"spaces":[{"id":"s_68fe1e4df9d661dc"}],"obstructions":[],"entrances":[],"connections":[],"annotations":[],"areas":[],"openingHoursSpecification":[],"externalId":"df0a6368-586e-4b25-96e1-5c234cfa2cea"},{"id":"loc_b453d400e6f0f09c","name":"M-20","categories":[],"social":[],"pictures":[],"links":[],"spaces":[{"id":"s_77cc98d12e5d16de"}],"obstructions":[],"entrances":[],"connections":[],"annotations":[],"areas":[],"openingHoursSpecification":[],"externalId":"294800cc-adcb-4bf2-9750-c42b2629310a"},{"id":"loc_e89ff399cdffb430","name":"FV-15","categories":[],"social":[],"pictures":[],"links":[],"spaces":[{"id":"s_60a900770c4fffc7"}],"obstructions":[],"entrances":[],"connections":[],"annotations":[],"areas":[],"openingHoursSpecification":[],"externalId":"8f4227e3-c54e-4122-af18-55338beea8d5"},{"id":"loc_c7b6712b9e417c7c","name":"F-13","categories":[],"social":[],"pictures":[],"links":[],"spaces":[{"id":"s_e771279cc1f6e313"}],"obstructions":[],"entrances":[],"connections":[],"annotations":[],"areas":[],"openingHoursSpecification":[],"externalId":"8febd1e9-1603-4037-b136-4608f489f518"},{"id":"loc_d6d79b168e45d7e0","name":"V-6","categories":[],"social":[],"pictures":[],"links":[],"spaces":[{"id":"s_84df494fa9657055"}],"obstructions":[],"entrances":[],"connections":[],"annotations":[],"areas":[],"openingHoursSpecification":[],"externalId":"9fd740a7-c589-4252-9982-2a0b59ba9a5c"},{"id":"loc_87596fb30b504cfc","name":"FV-20","categories":[],"social":[],"pictures":[],"links":[],"spaces":[{"id":"s_65b51b417d5636ac"}],"obstructions":[],"entrances":[],"connections":[],"annotations":[],"areas":[],"openingHoursSpecification":[],"externalId":"ecc7adc5-0b25-4397-8017-c66ed681e427"},{"id":"loc_09b9a933aa2cc590","name":"E-6","categories":[],"social":[],"pictures":[],"links":[],"spaces":[{"id":"s_62a572eccc24d3e8"}],"obstructions":[],"entrances":[],"connections":[],"annotations":[],"areas":[],"openingHoursSpecification":[],"externalId":"a8bd77c7-de44-4033-b0b9-e7387b6bfbfd"},{"id":"loc_02a4fdbd108f1c07","name":"FV-19","categories":[],"social":[],"pictures":[],"links":[],"spaces":[{"id":"s_4bb5db1a4e3aa11d"}],"obstructions":[],"entrances":[],"connections":[],"annotations":[],"areas":[],"openingHoursSpecification":[],"externalId":"d49ea786-4901-40a8-a495-9bf12825b01f"},{"id":"loc_ce1155c2a700ee98","name":"RG-3","categories":[],"social":[],"pictures":[],"links":[],"spaces":[{"id":"s_67da6419fecdfbbf"}],"obstructions":[],"entrances":[],"connections":[],"annotations":[],"areas":[],"openingHoursSpecification":[],"externalId":"bdf335e0-f424-4df8-9f9d-88069ba65b19"},{"id":"loc_0b0b5b75d26fc898","name":"M-34","categories":[],"social":[],"pictures":[],"links":[],"spaces":[{"id":"s_3bdc453e51d4bf49"}],"obstructions":[],"entrances":[],"connections":[],"annotations":[],"areas":[],"openingHoursSpecification":[],"externalId":"2c179c0f-9dcd-4175-a6f7-a8a81781e258"},{"id":"loc_b44bdeedf6aa63ba","name":"F-72","categories":[],"social":[],"pictures":[],"links":[],"spaces":[{"id":"s_0b2cc0aa8f7af1de"}],"obstructions":[],"entrances":[],"connections":[],"annotations":[],"areas":[],"openingHoursSpecification":[],"externalId":"1496ada8-2cd3-4aad-b107-c6f4a6d5027f"},{"id":"loc_222565ccaa52307f","name":"F-4","categories":[],"social":[],"pictures":[],"links":[],"spaces":[{"id":"s_a91f81eb133eb986"}],"obstructions":[],"entrances":[],"connections":[],"annotations":[],"areas":[],"openingHoursSpecification":[],"externalId":"5e2412d2-8ecb-4db9-8482-f72067f0d237"},{"id":"loc_2a82a7eb051cf1d6","name":"M-28","categories":[],"social":[],"pictures":[],"links":[],"spaces":[{"id":"s_f2252e57d7fa71ca"}],"obstructions":[],"entrances":[],"connections":[],"annotations":[],"areas":[],"openingHoursSpecification":[],"externalId":"a9dee4f4-2452-4dde-836a-9aa4733ec301"},{"id":"loc_837ae28ea563a8a4","name":"M-40","categories":[],"social":[],"pictures":[],"links":[],"spaces":[{"id":"s_5eb6bcab789f439a"}],"obstructions":[],"entrances":[],"connections":[],"annotations":[],"areas":[],"openingHoursSpecification":[],"externalId":"570210c1-b869-43ab-8a46-6d18cbded7b8"},{"id":"loc_d726f5e757c7e617","name":"M-7","categories":[],"social":[],"pictures":[],"links":[],"spaces":[{"id":"s_a00d297975fb4c5e"}],"obstructions":[],"entrances":[],"connections":[],"annotations":[],"areas":[],"openingHoursSpecification":[],"externalId":"3c2bf103-b94a-4fca-8c80-94d70d010ed8"},{"id":"loc_4c505e8aad7d56ef","name":"FV-31","categories":[],"social":[],"pictures":[],"links":[],"spaces":[{"id":"s_3dd803a6813ee4f0"}],"obstructions":[],"entrances":[],"connections":[],"annotations":[],"areas":[],"openingHoursSpecification":[],"externalId":"d6542ad1-3e08-4166-9044-cf36519e01e7"},{"id":"loc_92c89c1806a3a9e3","name":"DF-2","categories":[],"social":[],"pictures":[],"links":[],"spaces":[{"id":"s_817741aa56987fd7"}],"obstructions":[],"entrances":[],"connections":[],"annotations":[],"areas":[],"openingHoursSpecification":[],"externalId":"303f1a7a-6803-4b77-b7d0-73a533404297"},{"id":"loc_ca30596a58b9c163","name":"F-33","categories":[],"social":[],"pictures":[],"links":[],"spaces":[{"id":"s_71930b513feacc95"}],"obstructions":[],"entrances":[],"connections":[],"annotations":[],"areas":[],"openingHoursSpecification":[],"externalId":"37b1c5cd-f050-4e95-ba10-0acb577c5a60"},{"id":"loc_7f5e842409f3307a","name":"M-58","categories":[],"social":[],"pictures":[],"links":[],"spaces":[{"id":"s_46746c86b6ff6c3b"}],"obstructions":[],"entrances":[],"connections":[],"annotations":[],"areas":[],"openingHoursSpecification":[],"externalId":"bc26330a-9d26-400a-aa9f-8581d591d592"},{"id":"loc_c4ab0fc5860923aa","name":"M-41","categories":[],"social":[],"pictures":[],"links":[],"spaces":[{"id":"s_6e8a12f204a4f838"}],"obstructions":[],"entrances":[],"connections":[],"annotations":[],"areas":[],"openingHoursSpecification":[],"externalId":"f103fd59-28ff-4038-a108-e0cbc7a2e095"},{"id":"loc_da1d78fbdcc22c93","name":"FV-4","categories":[],"social":[],"pictures":[],"links":[],"spaces":[{"id":"s_715934224db934d1"}],"obstructions":[],"entrances":[],"connections":[],"annotations":[],"areas":[],"openingHoursSpecification":[],"externalId":"3c28b66b-f06f-40b1-b7e1-a88f85a5ae9b"},{"id":"loc_7a8029787ec73f45","name":"RG-12","categories":[],"social":[],"pictures":[],"links":[],"spaces":[{"id":"s_dd7c510ca64d1a9e"}],"obstructions":[],"entrances":[],"connections":[],"annotations":[],"areas":[],"openingHoursSpecification":[],"externalId":"b7e19fae-580f-4021-a741-400cd331ffad"},{"id":"loc_a90922a39ce670bd","name":"DF-3","categories":[],"social":[],"pictures":[],"links":[],"spaces":[{"id":"s_ad3d38f6062b9652"}],"obstructions":[],"entrances":[],"connections":[],"annotations":[],"areas":[],"openingHoursSpecification":[],"externalId":"4b593bf2-0c18-4b98-ae2f-b4f99a504cc7"},{"id":"loc_1fadec5e6e208590","name":"M-71","categories":[],"social":[],"pictures":[],"links":[],"spaces":[{"id":"s_19b922daab4d19a4"}],"obstructions":[],"entrances":[],"connections":[],"annotations":[],"areas":[],"openingHoursSpecification":[],"externalId":"463dc7c1-7ec5-4b15-a4a9-ecbe3b8b982f"},{"id":"loc_5fb0d9aaaded2a5a","name":"FV-18","categories":[],"social":[],"pictures":[],"links":[],"spaces":[{"id":"s_60545b13e044b49e"}],"obstructions":[],"entrances":[],"connections":[],"annotations":[],"areas":[],"openingHoursSpecification":[],"externalId":"efda6371-c87e-465a-a477-5d3fe427a5f9"},{"id":"loc_3ed989236f50e8bf","name":"FV-26","categories":[],"social":[],"pictures":[],"links":[],"spaces":[{"id":"s_a14a61f5bf2ef4b3"}],"obstructions":[],"entrances":[],"connections":[],"annotations":[],"areas":[],"openingHoursSpecification":[],"externalId":"84e8526f-1f71-40ef-bd30-235defc4806c"},{"id":"loc_b8b76c23572db9eb","name":"F-62","categories":[],"social":[],"pictures":[],"links":[],"spaces":[{"id":"s_89be4b0b36912c81"}],"obstructions":[],"entrances":[],"connections":[],"annotations":[],"areas":[],"openingHoursSpecification":[],"externalId":"dc566970-5379-4629-adc7-2a848f0dbdad"},{"id":"loc_9ae17b54fd1b21b7","name":"DF-4","categories":[],"social":[],"pictures":[],"links":[],"spaces":[{"id":"s_6f1ffc111495212a"}],"obstructions":[],"entrances":[],"connections":[],"annotations":[],"areas":[],"openingHoursSpecification":[],"externalId":"173b807c-377b-4b21-bea8-37e719728314"},{"id":"loc_00f972230f526fbd","name":"G-9","categories":[],"social":[],"pictures":[],"links":[],"spaces":[{"id":"s_65b00cb3987592fc"}],"obstructions":[],"entrances":[],"connections":[],"annotations":[],"areas":[],"openingHoursSpecification":[],"externalId":"989d9466-e12e-4b10-8099-e85c386e4488"},{"id":"loc_9e47748ea8337a0f","name":"M-12","categories":[],"social":[],"pictures":[],"links":[],"spaces":[{"id":"s_41dab5550800b329"}],"obstructions":[],"entrances":[],"connections":[],"annotations":[],"areas":[],"openingHoursSpecification":[],"externalId":"e63e1fee-cc2b-484d-996f-ee940ef4b7c7"},{"id":"loc_0da7db64253cfc4a","name":"F-19","categories":[],"social":[],"pictures":[],"links":[],"spaces":[{"id":"s_5a7c5e634e9046c7"}],"obstructions":[],"entrances":[],"connections":[],"annotations":[],"areas":[],"openingHoursSpecification":[],"externalId":"39b2dad7-352c-4917-b8f7-ad4b8c5ca99d"},{"id":"loc_2d0c93182018e328","name":"F-50","categories":[],"social":[],"pictures":[],"links":[],"spaces":[{"id":"s_98cccf72938f9786"}],"obstructions":[],"entrances":[],"connections":[],"annotations":[],"areas":[],"openingHoursSpecification":[],"externalId":"90bc3513-4468-43ae-8032-6348efe5230c"}]